organization_id,organization_name,organization_type,program_id,program_name,program_offering_id,program_offering_title,activity_taxonomy_path,audience_type,program_format,competition_level,season_label,season_year,start_date,end_date,registration_open_date,registration_close_date,registration_status,registration_url,registration_provider,min_age,max_age,min_grade,max_grade,eligibility_rules_json,schedule_json,pricing_json,location_json,source_id,source_url,source_authority,verification_status,lifecycle_status,last_checked_at,notes
org-us-vt-vermont-alpine-racing-association,Vermont Alpine Racing Association,state_association,prog-vermont-alpine-racing-association-vara-membership,VARA Membership,offer-vermont-alpine-racing-association-2027-vara-membership,2027 VARA Membership,Sports > Winter Sports > Alpine Skiing > Membership,youth;junior;adult,membership,,winter,2026-2027,,,2026-06-01,,open,https://www.vara.org/join-vara.php,Direct / Club Website,,,,,[],{},"[{""type"":""U8"",""amount"":35,""currency"":""USD""},{""type"":""U10-U14"",""amount"":60,""currency"":""USD""}]","{""state"":""VT"",""country"":""US""}",src-vermont-alpine-racing-association-program,https://www.vara.org/join-vara.php,primary,web_verified_2026-09-04,upcoming,2026-09-04,Late fee of $25 applies after October 15. Membership is a prerequisite for many VARA race programs.
org-us-vt-smugglers-notch-ski-snowboard-club,Smugglers' Notch Ski & Snowboard Club,club,prog-smugglers-notch-ski-snowboard-club-alpine-ski-meister,Alpine Ski Meister,offer-smugglers-notch-ski-snowboard-club-2026-27-ski-meister-team,2026-27 Ski Meister Team,Sports > Winter Sports > Alpine Skiing > Racing,youth,season_program,competitive,winter,2026-2027,2026-12-19,2027-03-06,2026-09-01,,open,https://snscvt.com/programs/alpine-program/,Direct / Club Website,5,7,,,[],{},"[{""type"":""program_fee"",""amount"":425,""currency"":""USD""},{""type"":""membership"",""amount"":""additional"",""currency"":""USD""}]","{""name"":""Smugglers' Notch Resort"",""city"":""Jeffersonville"",""state"":""VT"",""country"":""US""}",src-smugglers-notch-ski-snowboard-club-program,https://snscvt.com/programs/alpine-program/,primary,web_verified_2026-09-04,upcoming,2026-09-04,Program rates increase 15% after October 15; membership required.
org-us-vt-smugglers-notch-ski-snowboard-club,Smugglers' Notch Ski & Snowboard Club,club,prog-smugglers-notch-ski-snowboard-club-alpine-development,Alpine Development,offer-smugglers-notch-ski-snowboard-club-2026-27-alpine-development-team-i-ii,2026-27 Alpine Development Team I & II,Sports > Winter Sports > Alpine Skiing > Racing,youth,season_program,competitive,winter,2026-2027,2026-12-19,2027-03-13,2026-09-01,,open,https://snscvt.com/programs/alpine-program/,Direct / Club Website,7,11,,,[],{},"[{""type"":""program_fee"",""amount"":585,""currency"":""USD""},{""type"":""membership"",""amount"":""additional"",""currency"":""USD""}]","{""name"":""Smugglers' Notch Resort"",""city"":""Jeffersonville"",""state"":""VT"",""country"":""US""}",src-smugglers-notch-ski-snowboard-club-program,https://snscvt.com/programs/alpine-program/,primary,web_verified_2026-09-04,upcoming,2026-09-04,Program rates increase 15% after October 15; membership required.
org-us-vt-smugglers-notch-ski-snowboard-club,Smugglers' Notch Ski & Snowboard Club,club,prog-smugglers-notch-ski-snowboard-club-alpine-u8-u10,Alpine U8/U10,offer-smugglers-notch-ski-snowboard-club-2026-27-alpine-u8-u10-team-2-day,2026-27 Alpine U8/U10 Team - 2 Day,Sports > Winter Sports > Alpine Skiing > Racing,youth,season_program,competitive,winter,2026-2027,2026-12-12,2027-03-28,2026-09-01,,open,https://snscvt.com/programs/alpine-program/,Direct / Club Website,7,9,,,[],{},"[{""type"":""program_fee"",""amount"":835,""currency"":""USD""},{""type"":""membership"",""amount"":""additional"",""currency"":""USD""}]","{""name"":""Smugglers' Notch Resort"",""city"":""Jeffersonville"",""state"":""VT"",""country"":""US""}",src-smugglers-notch-ski-snowboard-club-program,https://snscvt.com/programs/alpine-program/,primary,web_verified_2026-09-04,upcoming,2026-09-04,Program rates increase 15% after October 15; membership required.
org-us-vt-smugglers-notch-ski-snowboard-club,Smugglers' Notch Ski & Snowboard Club,club,prog-smugglers-notch-ski-snowboard-club-alpine-u12,Alpine U12,offer-smugglers-notch-ski-snowboard-club-2026-27-alpine-u12-team,2026-27 Alpine U12 Team,Sports > Winter Sports > Alpine Skiing > Racing,youth,season_program,competitive,winter,2026-2027,2026-12-05,2027-03-28,2026-09-01,,open,https://snscvt.com/programs/alpine-program/,Direct / Club Website,10,11,,,[],{},"[{""type"":""program_fee"",""amount"":1305,""currency"":""USD""},{""type"":""membership"",""amount"":""additional"",""currency"":""USD""}]","{""name"":""Smugglers' Notch Resort"",""city"":""Jeffersonville"",""state"":""VT"",""country"":""US""}",src-smugglers-notch-ski-snowboard-club-program,https://snscvt.com/programs/alpine-program/,primary,web_verified_2026-09-04,upcoming,2026-09-04,Program rates increase 15% after October 15; membership required.
org-us-vt-smugglers-notch-ski-snowboard-club,Smugglers' Notch Ski & Snowboard Club,club,prog-smugglers-notch-ski-snowboard-club-alpine-u14,Alpine U14,offer-smugglers-notch-ski-snowboard-club-2026-27-alpine-u14-team,2026-27 Alpine U14 Team,Sports > Winter Sports > Alpine Skiing > Racing,youth,season_program,competitive,winter,2026-2027,2026-11-28,2027-04-04,2026-09-01,,open,https://snscvt.com/programs/alpine-program/,Direct / Club Website,12,13,,,[],{},"[{""type"":""program_fee"",""amount"":1565,""currency"":""USD""},{""type"":""membership"",""amount"":""additional"",""currency"":""USD""}]","{""name"":""Smugglers' Notch Resort"",""city"":""Jeffersonville"",""state"":""VT"",""country"":""US""}",src-smugglers-notch-ski-snowboard-club-program,https://snscvt.com/programs/alpine-program/,primary,web_verified_2026-09-04,upcoming,2026-09-04,Program rates increase 15% after October 15; membership required.
org-us-vt-smugglers-notch-ski-snowboard-club,Smugglers' Notch Ski & Snowboard Club,club,prog-smugglers-notch-ski-snowboard-club-alpine-u16-u18,Alpine U16/U18,offer-smugglers-notch-ski-snowboard-club-2026-27-alpine-u16-u18-team,2026-27 Alpine U16/U18 Team,Sports > Winter Sports > Alpine Skiing > Racing,youth,season_program,competitive,winter,2026-2027,2026-11-28,2027-04-04,2026-09-01,,open,https://snscvt.com/programs/alpine-program/,Direct / Club Website,14,18,,,[],{},"[{""type"":""program_fee"",""amount"":1665,""currency"":""USD""},{""type"":""membership"",""amount"":""additional"",""currency"":""USD""}]","{""name"":""Smugglers' Notch Resort"",""city"":""Jeffersonville"",""state"":""VT"",""country"":""US""}",src-smugglers-notch-ski-snowboard-club-program,https://snscvt.com/programs/alpine-program/,primary,web_verified_2026-09-04,upcoming,2026-09-04,Program rates increase 15% after October 15; membership required.
org-us-vt-smugglers-notch-ski-snowboard-club,Smugglers' Notch Ski & Snowboard Club,club,prog-smugglers-notch-ski-snowboard-club-alpine-fis,Alpine FIS,offer-smugglers-notch-ski-snowboard-club-2026-27-alpine-fis-team,2026-27 Alpine FIS Team,Sports > Winter Sports > Alpine Skiing > Racing,youth,season_program,competitive,winter,2026-2027,2026-11-28,2027-04-11,2026-09-01,,open,https://snscvt.com/programs/alpine-program/,Direct / Club Website,16,19,,,[],{},"[{""type"":""program_fee"",""amount"":2335,""currency"":""USD""},{""type"":""membership"",""amount"":""additional"",""currency"":""USD""}]","{""name"":""Smugglers' Notch Resort"",""city"":""Jeffersonville"",""state"":""VT"",""country"":""US""}",src-smugglers-notch-ski-snowboard-club-program,https://snscvt.com/programs/alpine-program/,primary,web_verified_2026-09-04,upcoming,2026-09-04,Program rates increase 15% after October 15; membership required.
org-us-vt-smugglers-notch-ski-snowboard-club,Smugglers' Notch Ski & Snowboard Club,club,prog-smugglers-notch-ski-snowboard-club-alpine-high-school,Alpine High School,offer-smugglers-notch-ski-snowboard-club-2026-27-alpine-high-school-team,2026-27 Alpine High School Team,Sports > Winter Sports > Alpine Skiing > Racing,youth,season_program,competitive,winter,2026-2027,2026-12-05,2027-03-27,2026-09-01,,open,https://snscvt.com/programs/alpine-program/,Direct / Club Website,14,19,,,[],{},"[{""type"":""program_fee"",""amount"":895,""currency"":""USD""},{""type"":""membership"",""amount"":""additional"",""currency"":""USD""}]","{""name"":""Smugglers' Notch Resort"",""city"":""Jeffersonville"",""state"":""VT"",""country"":""US""}",src-smugglers-notch-ski-snowboard-club-program,https://snscvt.com/programs/alpine-program/,primary,web_verified_2026-09-04,upcoming,2026-09-04,Program rates increase 15% after October 15; membership required.
org-us-vt-smugglers-notch-ski-snowboard-club,Smugglers' Notch Ski & Snowboard Club,club,prog-smugglers-notch-ski-snowboard-club-snowboard-ride-meister,Snowboard Ride Meister,offer-smugglers-notch-ski-snowboard-club-2026-27-snowboard-ride-meister,2026-27 Snowboard Ride Meister,Sports > Winter Sports > Snowboarding,youth,season_program,competitive,winter,2026-2027,2026-12-19,2027-03-06,2026-09-01,,open,https://snscvt.com/programs/snowboard-program/,Direct / Club Website,6,10,,,[],{},"[{""type"":""program_fee"",""amount"":425,""currency"":""USD""},{""type"":""membership"",""amount"":""additional"",""currency"":""USD""}]","{""name"":""Smugglers' Notch Resort"",""city"":""Jeffersonville"",""state"":""VT"",""country"":""US""}",src-smugglers-notch-ski-snowboard-club-program,https://snscvt.com/programs/snowboard-program/,primary,web_verified_2026-09-04,upcoming,2026-09-04,
org-us-vt-smugglers-notch-ski-snowboard-club,Smugglers' Notch Ski & Snowboard Club,club,prog-smugglers-notch-ski-snowboard-club-snowboard-freeride,Snowboard Freeride,offer-smugglers-notch-ski-snowboard-club-2026-27-snowboard-freeride-team-1-day,2026-27 Snowboard Freeride Team - 1 Day,Sports > Winter Sports > Snowboarding,youth,season_program,competitive,winter,2026-2027,2026-12-05,2027-03-27,2026-09-01,,open,https://snscvt.com/programs/snowboard-program/,Direct / Club Website,8,18,,,[],{},"[{""type"":""program_fee"",""amount"":665,""currency"":""USD""},{""type"":""membership"",""amount"":""additional"",""currency"":""USD""}]","{""name"":""Smugglers' Notch Resort"",""city"":""Jeffersonville"",""state"":""VT"",""country"":""US""}",src-smugglers-notch-ski-snowboard-club-program,https://snscvt.com/programs/snowboard-program/,primary,web_verified_2026-09-04,upcoming,2026-09-04,
org-us-vt-smugglers-notch-ski-snowboard-club,Smugglers' Notch Ski & Snowboard Club,club,prog-smugglers-notch-ski-snowboard-club-snowboard-competition,Snowboard Competition,offer-smugglers-notch-ski-snowboard-club-2026-27-snowboard-competition-team-2-day,2026-27 Snowboard Competition Team - 2 Day,Sports > Winter Sports > Snowboarding,youth,season_program,competitive,winter,2026-2027,2026-12-05,2027-03-28,2026-09-01,,open,https://snscvt.com/programs/snowboard-program/,Direct / Club Website,8,18,,,[],{},"[{""type"":""program_fee"",""amount"":1305,""currency"":""USD""},{""type"":""membership"",""amount"":""additional"",""currency"":""USD""}]","{""name"":""Smugglers' Notch Resort"",""city"":""Jeffersonville"",""state"":""VT"",""country"":""US""}",src-smugglers-notch-ski-snowboard-club-program,https://snscvt.com/programs/snowboard-program/,primary,web_verified_2026-09-04,upcoming,2026-09-04,
org-us-vt-burke-mountain-academy,Burke Mountain Academy,club,prog-burke-mountain-academy-junior-alpine-u8,Junior Alpine U8,offer-burke-mountain-academy-2026-27-junior-alpine-u8-weekend-program,2026-27 Junior Alpine U8 Weekend Program,Sports > Winter Sports > Alpine Skiing > Racing,youth,season_program,competitive,winter,2026-2027,,,2026-08-01,,open,https://www.burkemtnacademy.org/ski-racing/junior-program,Direct / Club Website,7,8,,,[],"{""training_days"":""Saturday/Sunday""}","[{""type"":""program_fee"",""amount"":1500,""currency"":""USD""}]","{""name"":""Burke Mountain"",""city"":""East Burke"",""state"":""VT"",""country"":""US""}",src-burke-mountain-academy-program,https://www.burkemtnacademy.org/ski-racing/junior-program,primary,web_verified_2026-09-04,upcoming,2026-09-04,
org-us-vt-burke-mountain-academy,Burke Mountain Academy,club,prog-burke-mountain-academy-junior-alpine-u10,Junior Alpine U10,offer-burke-mountain-academy-2026-27-junior-alpine-u10-3-day-program,2026-27 Junior Alpine U10 3-Day Program,Sports > Winter Sports > Alpine Skiing > Racing,youth,season_program,competitive,winter,2026-2027,,,2026-08-01,,open,https://www.burkemtnacademy.org/ski-racing/junior-program,Direct / Club Website,8,10,,,[],"{""training_days"":""Friday/Saturday/Sunday""}","[{""type"":""program_fee"",""amount"":1650,""currency"":""USD""}]","{""name"":""Burke Mountain"",""city"":""East Burke"",""state"":""VT"",""country"":""US""}",src-burke-mountain-academy-program,https://www.burkemtnacademy.org/ski-racing/junior-program,primary,web_verified_2026-09-04,upcoming,2026-09-04,
org-us-vt-burke-mountain-academy,Burke Mountain Academy,club,prog-burke-mountain-academy-junior-alpine-u12,Junior Alpine U12,offer-burke-mountain-academy-2026-27-junior-alpine-u12-3-day-program,2026-27 Junior Alpine U12 3-Day Program,Sports > Winter Sports > Alpine Skiing > Racing,youth,season_program,competitive,winter,2026-2027,,,2026-08-01,,open,https://www.burkemtnacademy.org/ski-racing/junior-program,Direct / Club Website,10,12,,,[],"{""training_days"":""Friday/Saturday/Sunday""}","[{""type"":""program_fee"",""amount"":1750,""currency"":""USD""}]","{""name"":""Burke Mountain"",""city"":""East Burke"",""state"":""VT"",""country"":""US""}",src-burke-mountain-academy-program,https://www.burkemtnacademy.org/ski-racing/junior-program,primary,web_verified_2026-09-04,upcoming,2026-09-04,
org-us-vt-burke-mountain-academy,Burke Mountain Academy,club,prog-burke-mountain-academy-junior-alpine-u12,Junior Alpine U12,offer-burke-mountain-academy-2026-27-junior-alpine-u12-5-day-program,2026-27 Junior Alpine U12 5-Day Program,Sports > Winter Sports > Alpine Skiing > Racing,youth,season_program,competitive,winter,2026-2027,,,2026-06-01,,open,https://www.burkemtnacademy.org/ski-racing/junior-program,Direct / Club Website,10,12,,,[],"{""training_days"":""Tuesday-Thursday plus weekend""}","[{""type"":""program_fee"",""amount"":5500,""currency"":""USD""}]","{""name"":""Burke Mountain"",""city"":""East Burke"",""state"":""VT"",""country"":""US""}",src-burke-mountain-academy-program,https://www.burkemtnacademy.org/ski-racing/junior-program,primary,web_verified_2026-09-04,upcoming,2026-09-04,
org-us-vt-burke-mountain-academy,Burke Mountain Academy,club,prog-burke-mountain-academy-junior-alpine-u14,Junior Alpine U14,offer-burke-mountain-academy-2026-27-junior-alpine-u14-3-day-program,2026-27 Junior Alpine U14 3-Day Program,Sports > Winter Sports > Alpine Skiing > Racing,youth,season_program,competitive,winter,2026-2027,,,2026-08-01,,open,https://www.burkemtnacademy.org/ski-racing/junior-program,Direct / Club Website,12,14,,,[],"{""training_days"":""Friday/Saturday/Sunday""}","[{""type"":""program_fee"",""amount"":1850,""currency"":""USD""}]","{""name"":""Burke Mountain"",""city"":""East Burke"",""state"":""VT"",""country"":""US""}",src-burke-mountain-academy-program,https://www.burkemtnacademy.org/ski-racing/junior-program,primary,web_verified_2026-09-04,upcoming,2026-09-04,
org-us-vt-burke-mountain-academy,Burke Mountain Academy,club,prog-burke-mountain-academy-junior-alpine-u14,Junior Alpine U14,offer-burke-mountain-academy-2026-27-junior-alpine-u14-athletic-only,2026-27 Junior Alpine U14 Athletic Only,Sports > Winter Sports > Alpine Skiing > Racing,youth,season_program,competitive,winter,2026-2027,,,2026-08-01,,open,https://www.burkemtnacademy.org/ski-racing/junior-program,Direct / Club Website,12,14,,,[],"{""training_days"":""Winter term""}","[{""type"":""program_fee"",""amount"":11000,""currency"":""USD""}]","{""name"":""Burke Mountain"",""city"":""East Burke"",""state"":""VT"",""country"":""US""}",src-burke-mountain-academy-program,https://www.burkemtnacademy.org/ski-racing/junior-program,primary,web_verified_2026-09-04,upcoming,2026-09-04,
org-us-vt-burke-mountain-academy,Burke Mountain Academy,club,prog-burke-mountain-academy-junior-alpine-u16,Junior Alpine U16,offer-burke-mountain-academy-2026-27-junior-alpine-u16-weekend-program,2026-27 Junior Alpine U16 Weekend Program,Sports > Winter Sports > Alpine Skiing > Racing,youth,season_program,competitive,winter,2026-2027,,,2026-08-01,,open,https://www.burkemtnacademy.org/ski-racing/junior-program,Direct / Club Website,14,16,,,[],"{""training_days"":""Weekend""}","[{""type"":""program_fee"",""amount"":1950,""currency"":""USD""}]","{""name"":""Burke Mountain"",""city"":""East Burke"",""state"":""VT"",""country"":""US""}",src-burke-mountain-academy-program,https://www.burkemtnacademy.org/ski-racing/junior-program,primary,web_verified_2026-09-04,upcoming,2026-09-04,
org-us-vt-mad-river-glen-junior-race-program-mad-river-ski-club,Mad River Glen Junior Race Program - Mad River Ski Club,club,prog-mad-river-glen-junior-race-program-mad-river-ski-club-junior-race-u8,Junior Race U8,offer-mad-river-glen-junior-race-program-mad-river-ski-club-2026-27-junior-race-u8-1-day,2026-27 Junior Race U8 1-Day,Sports > Winter Sports > Alpine Skiing > Racing,youth,season_program,competitive,winter,2026-2027,,,,,open,https://www.madriverglen.com/seasonal-kids-programs-2/,Direct / Club Website,6,8,,,[],{},"[{""type"":""early_program_fee"",""amount"":795,""currency"":""USD"",""deadline"":""2026-09-30""}]","{""name"":""Mad River Glen"",""city"":""Waitsfield"",""state"":""VT"",""country"":""US""}",src-mad-river-glen-junior-race-program-mad-river-ski-club-program,https://www.madriverglen.com/seasonal-kids-programs-2/,primary,web_verified_2026-09-04,upcoming,2026-09-04,Club membership required; some age groups also require VARA and U.S. Ski & Snowboard memberships.
org-us-vt-mad-river-glen-junior-race-program-mad-river-ski-club,Mad River Glen Junior Race Program - Mad River Ski Club,club,prog-mad-river-glen-junior-race-program-mad-river-ski-club-junior-race-u10,Junior Race U10,offer-mad-river-glen-junior-race-program-mad-river-ski-club-2026-27-junior-race-u10-2-day,2026-27 Junior Race U10 2-Day,Sports > Winter Sports > Alpine Skiing > Racing,youth,season_program,competitive,winter,2026-2027,,,,,open,https://www.madriverglen.com/seasonal-kids-programs-2/,Direct / Club Website,8,9,,,[],{},"[{""type"":""early_program_fee"",""amount"":1125,""currency"":""USD"",""deadline"":""2026-09-30""}]","{""name"":""Mad River Glen"",""city"":""Waitsfield"",""state"":""VT"",""country"":""US""}",src-mad-river-glen-junior-race-program-mad-river-ski-club-program,https://www.madriverglen.com/seasonal-kids-programs-2/,primary,web_verified_2026-09-04,upcoming,2026-09-04,Club membership required; some age groups also require VARA and U.S. Ski & Snowboard memberships.
org-us-vt-mad-river-glen-junior-race-program-mad-river-ski-club,Mad River Glen Junior Race Program - Mad River Ski Club,club,prog-mad-river-glen-junior-race-program-mad-river-ski-club-junior-race-u12,Junior Race U12,offer-mad-river-glen-junior-race-program-mad-river-ski-club-2026-27-junior-race-u12-2-day,2026-27 Junior Race U12 2-Day,Sports > Winter Sports > Alpine Skiing > Racing,youth,season_program,competitive,winter,2026-2027,,,,,open,https://www.madriverglen.com/seasonal-kids-programs-2/,Direct / Club Website,10,11,,,[],{},"[{""type"":""early_program_fee"",""amount"":1235,""currency"":""USD"",""deadline"":""2026-09-30""}]","{""name"":""Mad River Glen"",""city"":""Waitsfield"",""state"":""VT"",""country"":""US""}",src-mad-river-glen-junior-race-program-mad-river-ski-club-program,https://www.madriverglen.com/seasonal-kids-programs-2/,primary,web_verified_2026-09-04,upcoming,2026-09-04,Club membership required; some age groups also require VARA and U.S. Ski & Snowboard memberships.
org-us-vt-mad-river-glen-junior-race-program-mad-river-ski-club,Mad River Glen Junior Race Program - Mad River Ski Club,club,prog-mad-river-glen-junior-race-program-mad-river-ski-club-junior-race-u14,Junior Race U14,offer-mad-river-glen-junior-race-program-mad-river-ski-club-2026-27-junior-race-u14,2026-27 Junior Race U14,Sports > Winter Sports > Alpine Skiing > Racing,youth,season_program,competitive,winter,2026-2027,,,,,open,https://www.madriverglen.com/seasonal-kids-programs-2/,Direct / Club Website,12,13,,,[],{},"[{""type"":""early_program_fee"",""amount"":1400,""currency"":""USD"",""deadline"":""2026-09-30""}]","{""name"":""Mad River Glen"",""city"":""Waitsfield"",""state"":""VT"",""country"":""US""}",src-mad-river-glen-junior-race-program-mad-river-ski-club-program,https://www.madriverglen.com/seasonal-kids-programs-2/,primary,web_verified_2026-09-04,upcoming,2026-09-04,Club membership required; some age groups also require VARA and U.S. Ski & Snowboard memberships.
org-us-vt-mad-river-glen-junior-race-program-mad-river-ski-club,Mad River Glen Junior Race Program - Mad River Ski Club,club,prog-mad-river-glen-junior-race-program-mad-river-ski-club-high-school-race,High School Race,offer-mad-river-glen-junior-race-program-mad-river-ski-club-2026-27-high-school-race-program,2026-27 High School Race Program,Sports > Winter Sports > Alpine Skiing > Racing,youth,season_program,competitive,winter,2026-2027,,,,,open,https://www.madriverglen.com/seasonal-kids-programs-2/,Direct / Club Website,14,18,,,[],{},"[{""type"":""early_program_fee"",""amount"":335,""currency"":""USD"",""deadline"":""2026-09-30""}]","{""name"":""Mad River Glen"",""city"":""Waitsfield"",""state"":""VT"",""country"":""US""}",src-mad-river-glen-junior-race-program-mad-river-ski-club-program,https://www.madriverglen.com/seasonal-kids-programs-2/,primary,web_verified_2026-09-04,upcoming,2026-09-04,Club membership required; some age groups also require VARA and U.S. Ski & Snowboard memberships.
org-us-vt-okemo-mountain-school,Okemo Mountain School,school,prog-okemo-mountain-school-winter-term,Winter Term,offer-okemo-mountain-school-2026-27-oms-winter-term,2026-27 OMS Winter Term,Sports > Winter Sports > Multi-Discipline Snow Sports,youth,school_term,competitive,winter,2026-2027,2026-11-02,2027-04-02,,,application_open_or_inquiry,https://www.okemomountainschool.org/enrollment-options,Direct / Club Website,,,5,12,"[{""type"":""sport"",""operator"":""in"",""values"":[""Alpine Ski Racing"",""Alpine Snowboarding"",""Freestyle Snowboarding"",""Freestyle Skiing""]}]",{},"[{""type"":""tuition"",""amount"":38800,""currency"":""USD""}]","{""name"":""Okemo Mountain"",""city"":""Ludlow"",""state"":""VT"",""country"":""US""}",src-okemo-mountain-school-program,https://www.okemomountainschool.org/enrollment-options,primary,web_verified_2026-09-04,upcoming,2026-09-04,
org-us-vt-okemo-mountain-school,Okemo Mountain School,school,prog-okemo-mountain-school-target-term-a,Target Term A,offer-okemo-mountain-school-2026-27-oms-target-term-a,2026-27 OMS Target Term A,Sports > Winter Sports > Multi-Discipline Snow Sports,youth,school_term,competitive,winter,2026-2027,2026-11-30,2027-03-12,,,application_open_or_inquiry,https://www.okemomountainschool.org/enrollment-options,Direct / Club Website,,,5,12,"[{""type"":""sport"",""operator"":""in"",""values"":[""Alpine Ski Racing"",""Alpine Snowboarding"",""Freestyle Snowboarding"",""Freestyle Skiing""]}]",{},"[{""type"":""tuition"",""amount"":35800,""currency"":""USD""}]","{""name"":""Okemo Mountain"",""city"":""Ludlow"",""state"":""VT"",""country"":""US""}",src-okemo-mountain-school-program,https://www.okemomountainschool.org/enrollment-options,primary,web_verified_2026-09-04,upcoming,2026-09-04,
org-us-vt-okemo-mountain-school,Okemo Mountain School,school,prog-okemo-mountain-school-target-term-b,Target Term B,offer-okemo-mountain-school-2026-27-oms-target-term-b,2026-27 OMS Target Term B,Sports > Winter Sports > Multi-Discipline Snow Sports,youth,school_term,competitive,winter,2026-2027,2027-01-04,2027-04-02,,,application_open_or_inquiry,https://www.okemomountainschool.org/enrollment-options,Direct / Club Website,,,5,12,"[{""type"":""sport"",""operator"":""in"",""values"":[""Alpine Ski Racing"",""Alpine Snowboarding"",""Freestyle Snowboarding"",""Freestyle Skiing""]}]",{},"[{""type"":""tuition"",""amount"":35800,""currency"":""USD""}]","{""name"":""Okemo Mountain"",""city"":""Ludlow"",""state"":""VT"",""country"":""US""}",src-okemo-mountain-school-program,https://www.okemomountainschool.org/enrollment-options,primary,web_verified_2026-09-04,upcoming,2026-09-04,
org-us-vt-okemo-mountain-school,Okemo Mountain School,school,prog-okemo-mountain-school-target-term-c,Target Term C,offer-okemo-mountain-school-2026-27-oms-target-term-c,2026-27 OMS Target Term C,Sports > Winter Sports > Multi-Discipline Snow Sports,youth,school_term,competitive,winter,2026-2027,2027-01-04,2027-03-12,,,application_open_or_inquiry,https://www.okemomountainschool.org/enrollment-options,Direct / Club Website,,,5,12,"[{""type"":""sport"",""operator"":""in"",""values"":[""Alpine Ski Racing"",""Alpine Snowboarding"",""Freestyle Snowboarding"",""Freestyle Skiing""]}]",{},"[{""type"":""tuition"",""amount"":30100,""currency"":""USD""}]","{""name"":""Okemo Mountain"",""city"":""Ludlow"",""state"":""VT"",""country"":""US""}",src-okemo-mountain-school-program,https://www.okemomountainschool.org/enrollment-options,primary,web_verified_2026-09-04,upcoming,2026-09-04,
org-us-vt-okemo-mountain-school,Okemo Mountain School,school,prog-okemo-mountain-school-winter-term-training-only,Winter Term Training Only,offer-okemo-mountain-school-2026-27-oms-winter-term-training-only,2026-27 OMS Winter Term Training Only,Sports > Winter Sports > Multi-Discipline Snow Sports,youth,school_term,competitive,winter,2026-2027,2026-11-02,2027-04-02,,,application_open_or_inquiry,https://www.okemomountainschool.org/enrollment-options,Direct / Club Website,,,5,12,"[{""type"":""sport"",""operator"":""in"",""values"":[""Alpine Ski Racing"",""Alpine Snowboarding"",""Freestyle Snowboarding"",""Freestyle Skiing""]}]",{},"[{""type"":""tuition"",""amount"":22000,""currency"":""USD""}]","{""name"":""Okemo Mountain"",""city"":""Ludlow"",""state"":""VT"",""country"":""US""}",src-okemo-mountain-school-program,https://www.okemomountainschool.org/enrollment-options,primary,web_verified_2026-09-04,upcoming,2026-09-04,
org-us-vt-killington-mountain-school,Killington Mountain School,school,prog-killington-mountain-school-winter-term,Winter Term,offer-killington-mountain-school-2026-27-kms-winter-term-program,2026-27 KMS Winter-Term Program,Sports > Winter Sports > Multi-Discipline Snow Sports,youth,school_term,competitive,winter,2026-2027,2026-12-01,2027-04-07,,,inquiry_or_application,https://www.killingtonmountainschool.org/programs,Direct / Club Website,,,6,8,"[{""type"":""sport"",""operator"":""in"",""values"":[""Alpine"",""Freestyle"",""Freeskiing"",""Snowboard""]}]",{},[],"{""name"":""Killington Mountain"",""city"":""Killington"",""state"":""VT"",""country"":""US""}",src-killington-mountain-school-program,https://www.killingtonmountainschool.org/programs,primary,web_verified_month_granularity_2026-09-04,upcoming,2026-09-04,"Page gives December-April window; exact start/end day approximated to month boundary and should be treated as date-granularity=month, not a precise published date."
org-us-vt-bromley-outing-club,Bromley Outing Club,club,prog-bromley-outing-club-alpine-racing,Alpine Racing,offer-bromley-outing-club-2026-27-alpine-race-program,2026-27 Alpine Race Program,Sports > Winter Sports > Alpine Skiing > Racing,youth,season_program,competitive,winter,2026-2027,,,,,open,https://bromleyoutingclub.com/boc/,Direct / Club Website,6,20,,,[],{},[],"{""name"":""Bromley Mountain"",""city"":""Peru"",""state"":""VT"",""country"":""US""}",src-bromley-outing-club-program,https://bromleyoutingclub.com/boc/,primary,web_verified_2026-09-04,upcoming,2026-09-04,Official club page states 2026/27 Alpine and Freeski registration is open; detailed 2026/27 fees are not yet exposed on the indexed registration page.
org-us-vt-bromley-outing-club,Bromley Outing Club,club,prog-bromley-outing-club-freeski,Freeski,offer-bromley-outing-club-2026-27-freeski-freestyle-program,2026-27 Freeski / Freestyle Program,Sports > Winter Sports > Freeski / Freestyle Skiing,youth,season_program,competitive,winter,2026-2027,,,,,open,https://bromleyoutingclub.com/boc/,Direct / Club Website,,,,,[],{},[],"{""name"":""Bromley Mountain"",""city"":""Peru"",""state"":""VT"",""country"":""US""}",src-bromley-outing-club-program,https://bromleyoutingclub.com/boc/,primary,web_verified_2026-09-04,upcoming,2026-09-04,
org-us-vt-bromley-outing-club,Bromley Outing Club,club,prog-bromley-outing-club-junior-instructional-snowsports,Junior Instructional Snowsports,offer-bromley-outing-club-2026-27-jisp-kap,2026-27 JISP / KAP,Sports > Winter Sports > Ski & Snowboard Instruction,youth,season_program,recreational,winter,2026-2027,,,2026-09-01,,upcoming,https://bromleyoutingclub.com/boc/,Direct / Club Website,,,K,8,[],{},[],"{""name"":""Bromley Mountain"",""city"":""Peru"",""state"":""VT"",""country"":""US""}",src-bromley-outing-club-program,https://bromleyoutingclub.com/boc/,primary,web_verified_2026-09-04,upcoming,2026-09-04,Official club page says JISP/KAP registration opens in September 2026; exact day not published.
org-us-vt-woodstock-ski-runners,Woodstock Ski Runners,club,prog-woodstock-ski-runners-alpine-program,Alpine Program,offer-woodstock-ski-runners-2026-27-alpine-programs,2026-27 Alpine Programs,Sports > Winter Sports > Alpine Skiing,youth,season_program,developmental,winter,2026-2027,,,2026-09-15,,upcoming,https://www.skirunners.org/,Direct / Club Website,,,,,[],{},[],"{""name"":""Saskadena Six / Woodstock Nordic Center"",""city"":""Woodstock"",""state"":""VT"",""country"":""US""}",src-woodstock-ski-runners-program,https://www.skirunners.org/,primary,web_verified_2026-09-04,upcoming,2026-09-04,"Ages 6-18; registration scheduled to open Sep 15, 2026."
org-us-vt-woodstock-ski-runners,Woodstock Ski Runners,club,prog-woodstock-ski-runners-nordic-program,Nordic Program,offer-woodstock-ski-runners-2026-27-nordic-programs,2026-27 Nordic Programs,Sports > Winter Sports > Nordic Skiing,youth,season_program,developmental,winter,2026-2027,,,2026-09-15,,upcoming,https://www.skirunners.org/,Direct / Club Website,,,,,[],{},[],"{""name"":""Saskadena Six / Woodstock Nordic Center"",""city"":""Woodstock"",""state"":""VT"",""country"":""US""}",src-woodstock-ski-runners-program,https://www.skirunners.org/,primary,web_verified_2026-09-04,upcoming,2026-09-04,"Youth Nordic program; registration scheduled to open Sep 15, 2026."
org-us-vt-woodstock-ski-runners,Woodstock Ski Runners,club,prog-woodstock-ski-runners-friday-program,Friday Program,offer-woodstock-ski-runners-2027-friday-learn-to-ski-board-program,2027 Friday Learn to Ski & Board Program,Sports > Winter Sports > Ski & Snowboard Instruction,youth,season_program,developmental,winter,2026-2027,,,2026-10-01,,upcoming,https://www.skirunners.org/,Direct / Club Website,,,,,[],{},[],"{""name"":""Saskadena Six / Woodstock Nordic Center"",""city"":""Woodstock"",""state"":""VT"",""country"":""US""}",src-woodstock-ski-runners-program,https://www.skirunners.org/,primary,web_verified_2026-09-04,upcoming,2026-09-04,"Registration scheduled to open Oct 1, 2026."
org-us-vt-mansfield-nordic-club,Mansfield Nordic Club,club,prog-mansfield-nordic-club-masters-winter-training,Masters Winter Training,offer-mansfield-nordic-club-2026-27-masters-winter-training,2026-27 Masters Winter Training,Sports > Winter Sports > Nordic Skiing > Masters,adult,season_program,training,winter,2026-2027,,,,,open_or_published,https://www.mansfieldnordic.org/join-mnc-2/,Direct / Club Website,,,,,[],{},[],"{""name"":""Ethan Allen Biathlon Range"",""city"":""Jericho"",""state"":""VT"",""country"":""US""}",src-mansfield-nordic-club-program,https://www.mansfieldnordic.org/join-mnc-2/,primary,web_verified_2026-09-04,upcoming,2026-09-04,Registration page explicitly lists Masters Winter Training 26/27.
org-us-vt-mansfield-nordic-club,Mansfield Nordic Club,club,prog-mansfield-nordic-club-bkl-youth,BKL Youth,offer-mansfield-nordic-club-2026-27-bkl-youth-program-details-pending,2026-27 BKL Youth Program - Details Pending,Sports > Winter Sports > Nordic Skiing > BKL Youth,youth,season_program,recreational_and_competitive,winter,2026-2027,,,,,details_pending,https://www.mansfieldnordic.org/join-mnc-2/,Direct / Club Website,4,,,8,[],{},[],"{""state"":""VT"",""country"":""US""}",src-mansfield-nordic-club-program,https://www.mansfieldnordic.org/join-mnc-2/,primary,club_program_confirmed_2026_27_details_pending,upcoming,2026-09-04,Current registration page lists BKL Youth registration directions but indexed BKL detail page still shows 2025/26 dates. Re-crawl before publishing specific 2026/27 dates/fees.
org-us-vt-onion-river-nordic-club,Onion River Nordic Club,club,prog-onion-river-nordic-club-bill-koch-league,Bill Koch League,offer-onion-river-nordic-club-2026-27-onion-river-nordic-bill-koch-league,2026-27 Onion River Nordic Bill Koch League,Sports > Winter Sports > Nordic Skiing > BKL Youth,youth,season_program,recreational,winter,2026-2027,,,,,details_pending,https://nensa.net/nevt-bkl-clubs/,Direct / Club Website,,,,,[],{},[],"{""city"":""Montpelier"",""state"":""VT"",""country"":""US""}",src-onion-river-nordic-club-program,https://nensa.net/nevt-bkl-clubs/,secondary,nensa_member_program_confirmed_current_dates_pending,upcoming,2026-09-04,NENSA confirms Onion River as a Montpelier BKL club. Current 2026/27 registration dates and fees were not published on an authoritative club/municipal page at crawl time.
org-us-vt-stowe-nordic,Stowe Nordic,club,prog-stowe-nordic-youth-winter-ski-program,Youth Winter Ski Program,offer-stowe-nordic-2026-27-youth-winter-ski-program-details-pending,2026-27 Youth Winter Ski Program - Details Pending,Sports > Winter Sports > Nordic Skiing > BKL Youth,youth,season_program,recreational,winter,2026-2027,,,,,details_pending,https://stowenordic.org/,Direct / Club Website,,,K,8,[],{},[],"{""name"":""von Trapp Outdoor Center"",""city"":""Stowe"",""state"":""VT"",""country"":""US""}",src-stowe-nordic-program,https://stowenordic.org/,primary,program_active_2026_27_details_pending,upcoming,2026-09-04,Club homepage is active for 2026-27 but the indexed Youth Winter Ski Program page still reflects 2025-26. Re-crawl before publishing exact dates/fee.
org-us-vt-craftsbury-ski-club,Craftsbury Ski Club,club,prog-craftsbury-ski-club-bkl,BKL,offer-craftsbury-ski-club-2026-27-craftsbury-bkl-details-pending,2026-27 Craftsbury BKL - Details Pending,Sports > Winter Sports > Nordic Skiing,youth,season_program,recreational_and_competitive,winter,2026-2027,,,,,details_pending,https://www.craftsbury.com/winter-ski-programs,Direct / Club Website,,,,,[],{},[],"{""name"":""Craftsbury Outdoor Center"",""city"":""Craftsbury Common"",""state"":""VT"",""country"":""US""}",src-craftsbury-ski-club-program,https://www.craftsbury.com/winter-ski-programs,primary,program_lineup_confirmed_2025_26_2026_27_details_pending,upcoming,2026-09-04,Current indexed program page lists these winter program types but still displays 2025-26 dates. Keep as review candidates until 2026-27 registration page updates.
org-us-vt-craftsbury-ski-club,Craftsbury Ski Club,club,prog-craftsbury-ski-club-u14-competitive,U14 Competitive,offer-craftsbury-ski-club-2026-27-craftsbury-u14-competitive-details-pending,2026-27 Craftsbury U14 Competitive - Details Pending,Sports > Winter Sports > Nordic Skiing,youth,season_program,recreational_and_competitive,winter,2026-2027,,,,,details_pending,https://www.craftsbury.com/winter-ski-programs,Direct / Club Website,,,,,[],{},[],"{""name"":""Craftsbury Outdoor Center"",""city"":""Craftsbury Common"",""state"":""VT"",""country"":""US""}",src-craftsbury-ski-club-program,https://www.craftsbury.com/winter-ski-programs,primary,program_lineup_confirmed_2025_26_2026_27_details_pending,upcoming,2026-09-04,Current indexed program page lists these winter program types but still displays 2025-26 dates. Keep as review candidates until 2026-27 registration page updates.
org-us-vt-craftsbury-ski-club,Craftsbury Ski Club,club,prog-craftsbury-ski-club-juniors,Juniors,offer-craftsbury-ski-club-2026-27-craftsbury-juniors-details-pending,2026-27 Craftsbury Juniors - Details Pending,Sports > Winter Sports > Nordic Skiing,junior,season_program,recreational_and_competitive,winter,2026-2027,,,,,details_pending,https://www.craftsbury.com/winter-ski-programs,Direct / Club Website,,,,,[],{},[],"{""name"":""Craftsbury Outdoor Center"",""city"":""Craftsbury Common"",""state"":""VT"",""country"":""US""}",src-craftsbury-ski-club-program,https://www.craftsbury.com/winter-ski-programs,primary,program_lineup_confirmed_2025_26_2026_27_details_pending,upcoming,2026-09-04,Current indexed program page lists these winter program types but still displays 2025-26 dates. Keep as review candidates until 2026-27 registration page updates.
org-us-vt-craftsbury-ski-club,Craftsbury Ski Club,club,prog-craftsbury-ski-club-beginner-adults,Beginner Adults,offer-craftsbury-ski-club-2026-27-craftsbury-beginner-adults-details-pending,2026-27 Craftsbury Beginner Adults - Details Pending,Sports > Winter Sports > Nordic Skiing,adult,season_program,recreational_and_competitive,winter,2026-2027,,,,,details_pending,https://www.craftsbury.com/winter-ski-programs,Direct / Club Website,,,,,[],{},[],"{""name"":""Craftsbury Outdoor Center"",""city"":""Craftsbury Common"",""state"":""VT"",""country"":""US""}",src-craftsbury-ski-club-program,https://www.craftsbury.com/winter-ski-programs,primary,program_lineup_confirmed_2025_26_2026_27_details_pending,upcoming,2026-09-04,Current indexed program page lists these winter program types but still displays 2025-26 dates. Keep as review candidates until 2026-27 registration page updates.
org-us-vt-craftsbury-ski-club,Craftsbury Ski Club,club,prog-craftsbury-ski-club-intermediate-adults,Intermediate Adults,offer-craftsbury-ski-club-2026-27-craftsbury-intermediate-adults-details-pending,2026-27 Craftsbury Intermediate Adults - Details Pending,Sports > Winter Sports > Nordic Skiing,adult,season_program,recreational_and_competitive,winter,2026-2027,,,,,details_pending,https://www.craftsbury.com/winter-ski-programs,Direct / Club Website,,,,,[],{},[],"{""name"":""Craftsbury Outdoor Center"",""city"":""Craftsbury Common"",""state"":""VT"",""country"":""US""}",src-craftsbury-ski-club-program,https://www.craftsbury.com/winter-ski-programs,primary,program_lineup_confirmed_2025_26_2026_27_details_pending,upcoming,2026-09-04,Current indexed program page lists these winter program types but still displays 2025-26 dates. Keep as review candidates until 2026-27 registration page updates.
org-us-vt-craftsbury-ski-club,Craftsbury Ski Club,club,prog-craftsbury-ski-club-competitive-masters,Competitive Masters,offer-craftsbury-ski-club-2026-27-craftsbury-competitive-masters-details-pending,2026-27 Craftsbury Competitive Masters - Details Pending,Sports > Winter Sports > Nordic Skiing,adult,season_program,recreational_and_competitive,winter,2026-2027,,,,,details_pending,https://www.craftsbury.com/winter-ski-programs,Direct / Club Website,,,,,[],{},[],"{""name"":""Craftsbury Outdoor Center"",""city"":""Craftsbury Common"",""state"":""VT"",""country"":""US""}",src-craftsbury-ski-club-program,https://www.craftsbury.com/winter-ski-programs,primary,program_lineup_confirmed_2025_26_2026_27_details_pending,upcoming,2026-09-04,Current indexed program page lists these winter program types but still displays 2025-26 dates. Keep as review candidates until 2026-27 registration page updates.
org-us-vt-craftsbury-ski-club,Craftsbury Ski Club,club,prog-craftsbury-ski-club-biathlon-for-kids,Biathlon for Kids,offer-craftsbury-ski-club-2026-27-craftsbury-biathlon-for-kids-details-pending,2026-27 Craftsbury Biathlon for Kids - Details Pending,Sports > Winter Sports > Biathlon,youth,season_program,recreational_and_competitive,winter,2026-2027,,,,,details_pending,https://www.craftsbury.com/winter-ski-programs,Direct / Club Website,,,,,[],{},[],"{""name"":""Craftsbury Outdoor Center"",""city"":""Craftsbury Common"",""state"":""VT"",""country"":""US""}",src-craftsbury-ski-club-program,https://www.craftsbury.com/winter-ski-programs,primary,program_lineup_confirmed_2025_26_2026_27_details_pending,upcoming,2026-09-04,Current indexed program page lists these winter program types but still displays 2025-26 dates. Keep as review candidates until 2026-27 registration page updates.
org-us-vt-craftsbury-ski-club,Craftsbury Ski Club,club,prog-craftsbury-ski-club-biathlon-for-adults,Biathlon for Adults,offer-craftsbury-ski-club-2026-27-craftsbury-biathlon-for-adults-details-pending,2026-27 Craftsbury Biathlon for Adults - Details Pending,Sports > Winter Sports > Biathlon,adult,season_program,recreational_and_competitive,winter,2026-2027,,,,,details_pending,https://www.craftsbury.com/winter-ski-programs,Direct / Club Website,,,,,[],{},[],"{""name"":""Craftsbury Outdoor Center"",""city"":""Craftsbury Common"",""state"":""VT"",""country"":""US""}",src-craftsbury-ski-club-program,https://www.craftsbury.com/winter-ski-programs,primary,program_lineup_confirmed_2025_26_2026_27_details_pending,upcoming,2026-09-04,Current indexed program page lists these winter program types but still displays 2025-26 dates. Keep as review candidates until 2026-27 registration page updates.
org-us-vt-west-river-nordic-ski-club,West River Nordic Ski Club,club,prog-west-river-nordic-ski-club-3-day-skiers,3-Day Skiers,offer-west-river-nordic-ski-club-2026-27-west-river-nordic-3-day-skiers,2026-27 West River Nordic 3-Day Skiers,Sports > Winter Sports > Nordic Skiing > BKL Youth,youth,season_program,recreational_and_competitive,winter,2026-2027,,,,,open_or_active,https://www.westriversports.org/nordic-skiing,Direct / Club Website,,,5,8,[],{},"[{""type"":""program_fee"",""amount"":150,""currency"":""USD""}]","{""name"":""Viking XC / Stratton / Wild Wings"",""city"":""Peru / Londonderry"",""state"":""VT"",""country"":""US""}",src-west-river-nordic-ski-club-program,https://www.westriversports.org/nordic-skiing,primary,current_program_page_verified_season_inferred_from_2026_27_context,upcoming,2026-09-04,
org-us-vt-west-river-nordic-ski-club,West River Nordic Ski Club,club,prog-west-river-nordic-ski-club-sms-nordic-race-club,SMS Nordic Race Club,offer-west-river-nordic-ski-club-2026-27-sms-nordic-race-club,2026-27 SMS Nordic Race Club,Sports > Winter Sports > Nordic Skiing > Racing,youth,season_program,competitive,winter,2026-2027,,,,,open_or_active,https://www.westriversports.org/nordic-skiing,Direct / Club Website,,,6,8,[],{},"[{""type"":""program_fee"",""amount"":375,""currency"":""USD""}]","{""name"":""Stratton / West River venues"",""city"":""Londonderry / Stratton"",""state"":""VT"",""country"":""US""}",src-west-river-nordic-ski-club-program,https://www.westriversports.org/nordic-skiing,primary,current_program_page_verified_season_inferred_from_2026_27_context,upcoming,2026-09-04,
org-us-vt-new-england-nordic-ski-association,New England Nordic Ski Association,regional_association,prog-new-england-nordic-ski-association-bill-koch-league-festival,Bill Koch League Festival,offer-new-england-nordic-ski-association-2027-l-l-bean-bill-koch-youth-ski-league-festival,2027 L.L.Bean Bill Koch Youth Ski League Festival,Sports > Winter Sports > Nordic Skiing > Event,youth,festival,recreational_and_competitive,winter,2026-2027,2027-03-06,2027-03-07,2026-12-15,,upcoming,https://nensa.net/2026/06/30/southern-vermont-prospect-mountain-to-host-2027-l-l-bean-bill-koch-youth-ski-league-festival/,Direct / Club Website,,,K,8,[],{},[],"{""name"":""Prospect Mountain"",""city"":""Woodford"",""state"":""VT"",""country"":""US""}",src-new-england-nordic-ski-association-program,https://nensa.net/2026/06/30/southern-vermont-prospect-mountain-to-host-2027-l-l-bean-bill-koch-youth-ski-league-festival/,primary,web_verified_2026-09-04,upcoming,2026-09-04,
